Flags Rayon S/S Shirt,Flags,Rayon with printed pattern and single chest pocket.,£118,In Stock,https://assets.supremenewyork.com/185585/ma/-qv017At3Ok.jpg
Flags Rayon S/S Shirt,Black Flags,Rayon with printed pattern and single chest pocket.,£118,In Stock,https://assets.supremenewyork.com/185570/ma/tpV2evrE234.jpg
MCMXCIV Terry S/S Top,Purple,Rayon blend terry with knit logo pattern.,£78,sold out,https://assets.supremenewyork.com/186264/ma/NtyOjo2fPOo.jpg
MCMXCIV Terry S/S Top,White,Rayon blend terry with knit logo pattern.,£78,sold out,https://assets.supremenewyork.com/190397/ma/twQVLUS4IvM.jpg
MCMXCIV Terry S/S Top,Black,Rayon blend terry with knit logo pattern.,£78,sold out,https://assets.supremenewyork.com/186266/ma/YHK0fBOZ93w.jpg
MCMXCIV Terry S/S Top,Yellow,Rayon blend terry with knit logo pattern.,£78,sold out,https://assets.supremenewyork.com/186271/ma/XC_B3fAGC4k.jpg
Piping Tank Top,Red,All cotton jersey tank top with contrast piping. Raised printed logos on front and back.,£58,In Stock,https://assets.supremenewyork.com/185833/ma/K5wH429yYug.jpg
Piping Tank Top,Black,All cotton jersey tank top with contrast piping. Raised printed logos on front and back.,£58,In Stock,https://assets.supremenewyork.com/185849/ma/-rgmW8ssUy4.jpg
Piping Tank Top,White,All cotton jersey tank top with contrast piping. Raised printed logos on front and back.,£58,In Stock,https://assets.supremenewyork.com/185862/ma/lqBwMiYGbnA.jpg
Embossed Denim Camp Cap,Red Dip Dye,All cotton denim Supreme camp cap with embossed logo.,£44,sold out,https://assets.supremenewyork.com/186032/ma/tg1dPn1B-Oo.jpg
Embossed Denim Camp Cap,Blue,All cotton denim Supreme camp cap with embossed logo.,£44,sold out,https://assets.supremenewyork.com/186051/ma/Huzo4itmuRk.jpg
Embossed Denim Camp Cap,Pink Dip Dye,All cotton denim Supreme camp cap with embossed logo.,£44,sold out,https://assets.supremenewyork.com/186047/ma/5e7C8mytydI.jpg
Embossed Denim Camp Cap,Black,All cotton denim Supreme camp cap with embossed logo.,£44,sold out,https://assets.supremenewyork.com/186041/ma/_gBUYQaYHJ4.jpg
Embossed Denim Camp Cap,Brown Dip Dye,All cotton denim Supreme camp cap with embossed logo.,£44,sold out,https://assets.supremenewyork.com/186061/ma/s5NM_OLNaas.jpg
Mesh Crusher,Chocolate Chip Camo,Poly mesh crusher with interior elastic shockcord and embroidered logo.,£44,sold out,https://assets.supremenewyork.com/186875/ma/X_SOeyF61rk.jpg
Mesh Crusher,Black,Poly mesh crusher with interior elastic shockcord and embroidered logo.,£44,sold out,https://assets.supremenewyork.com/186863/ma/qZ1fY_LN66I.jpg
Mesh Crusher,Orange,Poly mesh crusher with interior elastic shockcord and embroidered logo.,£44,sold out,https://assets.supremenewyork.com/186869/ma/fFoV3r0b3Co.jpg
Mesh Crusher,Grey,Poly mesh crusher with interior elastic shockcord and embroidered logo.,£44,sold out,https://assets.supremenewyork.com/186885/ma/12_3VJkemq4.jpg
Supreme®/Speedo® Swim Goggles,Black,"Swim goggle with leak-free secure fit, adjustable nose bridge and mirrored anti-fog lenses. Printed logo pattern on adjustable strap. Made exclusively for Supreme.",£78,sold out,https://assets.supremenewyork.com/187054/ma/jqi411F1Vt8.jpg
Supreme®/Speedo® Swim Goggles,White,"Swim goggle with leak-free secure fit, adjustable nose bridge and mirrored anti-fog lenses. Printed logo pattern on adjustable strap. Made exclusively for Supreme.",£78,sold out,https://assets.supremenewyork.com/187066/ma/fw4QQgJ1fzg.jpg
Supreme®/Speedo® Swim Cap,Red,"Latex-free, durable silicone swim cap with printed logos on sides. Made exclusively for Supreme.",£22,sold out,https://assets.supremenewyork.com/186540/ma/OOe9rFUcYY4.jpg
Supreme®/Speedo® Swim Cap,Black,"Latex-free, durable silicone swim cap with printed logos on sides. Made exclusively for Supreme.",£22,sold out,https://assets.supremenewyork.com/186588/ma/A16zK73Jk5I.jpg
Bling Towel,Green,"All cotton with printed graphic.
69.5"" x 39"".",£60,In Stock,https://assets.supremenewyork.com/187071/ma/tpbYMLlXKhA.jpg
Bling Towel,Red,"All cotton with printed graphic.
69.5"" x 39"".",£60,sold out,https://assets.supremenewyork.com/187064/ma/1aslW9mrKBg.jpg
Supreme®/Vans® Hole Punch Denim Sk8-Hi Pro,Blue,Premium suede and cotton denim upper with hole punch pattern. Leather lining and insole with vulcanized waffle outsole and custom heel label. Embroidered logo at heel. Made exclusively for Supreme.,£98,sold out,https://assets.supremenewyork.com/190374/ma/Nj9WR-Wsc3A.jpg
Supreme®/Vans® Hole Punch Denim Sk8-Hi Pro,Black,Premium suede and cotton denim upper with hole punch pattern. Leather lining and insole with vulcanized waffle outsole and custom heel label. Embroidered logo at heel. Made exclusively for Supreme.,£98,sold out,https://assets.supremenewyork.com/190381/ma/8QSj_0E0fhw.jpg
Supreme®/Vans® Hole Punch Denim Slip-On Pro,Black,All cotton denim upper with hole punch pattern. Leather insole and vulcanized waffle outsole with custom heel label. Made exclusively for Supreme.,£88,sold out,https://assets.supremenewyork.com/190393/ma/4NLvh9AJoHQ.jpg
Supreme®/Vans® Hole Punch Denim Slip-On Pro,Blue,All cotton denim upper with hole punch pattern. Leather insole and vulcanized waffle outsole with custom heel label. Made exclusively for Supreme.,£88,sold out,https://assets.supremenewyork.com/190389/ma/uRnSWysyB_E.jpg
