Name Not Found,Peach Paisley,"Water resistant cotton with printed pattern and cotton lining. Double breasted button front closure with button flap hand pockets at lower front and interior chest pocket. Button tab adjusters at cuffs, belt loop at waist and vent at back seam with button closure. Enamel logo pin included.",$328,In Stock,https://assets.supremenewyork.com/184875/ma/QRphP3eQfCY.jpg
Name Not Found,Olive Paisley,"Water resistant cotton with printed pattern and cotton lining. Double breasted button front closure with button flap hand pockets at lower front and interior chest pocket. Button tab adjusters at cuffs, belt loop at waist and vent at back seam with button closure. Enamel logo pin included.",$328,In Stock,https://assets.supremenewyork.com/184887/ma/Ijmfoo1tYlM.jpg
Name Not Found,Black,"Water resistant cotton with cotton lining. Double breasted button front closure with button flap hand pockets at lower front and interior chest pocket. Button tab adjusters at cuffs, belt loop at waist and vent at back seam with button closure. Enamel logo pin included.",$328,In Stock,https://assets.supremenewyork.com/184880/ma/FmPBOP3wxM4.jpg
Name Not Found,Blue,All cotton 14 oz. denim with hole punch pattern and cotton blend lining. Button front closure with hand pockets at lower front and chest pockets with button closures. Frayed cut-out logo at back.,$218,sold out,https://assets.supremenewyork.com/184871/ma/fgKcI51gPrg.jpg
Name Not Found,Brown,All cotton 14 oz. denim with hole punch pattern and cotton blend lining. Button front closure with hand pockets at lower front and chest pockets with button closures. Frayed cut-out logo at back.,$218,sold out,https://assets.supremenewyork.com/184868/ma/kUQun1Zd6OM.jpg
Name Not Found,Black,All cotton 14 oz. denim with hole punch pattern and cotton blend lining. Button front closure with hand pockets at lower front and chest pockets with button closures. Frayed cut-out logo at back.,$218,sold out,https://assets.supremenewyork.com/184865/ma/4HAnct_lQdI.jpg
Name Not Found,Royal,"All cotton poplin with printed logo pattern, button down collar and single chest pocket.",$138,sold out,https://assets.supremenewyork.com/185127/ma/aKA6NDkE6Lo.jpg
Name Not Found,Natural,"All cotton poplin with printed logo pattern, button down collar and single chest pocket.",$138,sold out,https://assets.supremenewyork.com/185132/ma/ba8ToKcmLb8.jpg
Name Not Found,Black,"All cotton poplin with printed logo pattern, button down collar and single chest pocket.",$138,In Stock,https://assets.supremenewyork.com/185136/ma/TavwB0naTfI.jpg
Name Not Found,Coral,All cotton with knit logo chest panel.,$138,sold out,https://assets.supremenewyork.com/185070/ma/M-bEZOP6UYE.jpg
Name Not Found,Ivory,All cotton with knit logo chest panel.,$138,sold out,https://assets.supremenewyork.com/185051/ma/m9ZdNMcXA2A.jpg
Name Not Found,Light Blue,All cotton with knit logo chest panel.,$138,sold out,https://assets.supremenewyork.com/185062/ma/qbnjwAvMTK0.jpg
Name Not Found,Black,All cotton with knit logo chest panel.,$138,sold out,https://assets.supremenewyork.com/185057/ma/XjLQTjxachE.jpg
Name Not Found,Red,Poly with stripe appliqué pattern. Stripe rib collar and armholes. Tackle twill appliqué logo at front and graphic at back.,$118,In Stock,https://assets.supremenewyork.com/185880/ma/y8kbE1uM38Q.jpg
Name Not Found,Black,Poly with stripe appliqué pattern. Stripe rib collar and armholes. Tackle twill appliqué logo at front and graphic at back.,$118,In Stock,https://assets.supremenewyork.com/185894/ma/i1C4Y09hDe0.jpg
Name Not Found,Royal,Poly with stripe appliqué pattern. Stripe rib collar and armholes. Tackle twill appliqué logo at front and graphic at back.,$118,In Stock,https://assets.supremenewyork.com/185850/ma/6CPUOjmvJRI.jpg
Name Not Found,White,Poly with stripe appliqué pattern. Stripe rib collar and armholes. Tackle twill appliqué logo at front and graphic at back.,$118,In Stock,https://assets.supremenewyork.com/185863/ma/tyCJaCuCNGY.jpg
Name Not Found,Navy,All cotton jersey crewneck with printed logo on chest.,$58,In Stock,https://assets.supremenewyork.com/186279/ma/F3cREkoy_50.jpg
Name Not Found,Olive,All cotton jersey crewneck with printed logo on chest.,$58,In Stock,https://assets.supremenewyork.com/186275/ma/HteUgE_Frqs.jpg
Name Not Found,Light Yellow,All cotton jersey crewneck with printed logo on chest.,$58,In Stock,https://assets.supremenewyork.com/186288/ma/-GY-LVhc56A.jpg
Name Not Found,Fuschia,All cotton jersey crewneck with printed logo on chest.,$58,In Stock,https://assets.supremenewyork.com/186283/ma/o_yAI0Hqll4.jpg
Name Not Found,White,All cotton jersey crewneck with printed logo on chest.,$58,In Stock,https://assets.supremenewyork.com/186270/ma/-ipZre78DEY.jpg
Name Not Found,Black,All cotton jersey crewneck with printed logo on chest.,$58,In Stock,https://assets.supremenewyork.com/186292/ma/jUmf6GST27Y.jpg
Name Not Found,White,All cotton crewneck with patchwork pattern and embroidered logo on single chest pocket.,$78,In Stock,https://assets.supremenewyork.com/186132/ma/uGo-jj1vX_s.jpg
Name Not Found,Light Purple,All cotton crewneck with patchwork pattern and embroidered logo on single chest pocket.,$78,In Stock,https://assets.supremenewyork.com/186136/ma/vDEINldtJ38.jpg
Name Not Found,Black,All cotton crewneck with patchwork pattern and embroidered logo on single chest pocket.,$78,In Stock,https://assets.supremenewyork.com/186141/ma/0U3d35QCEaY.jpg
Name Not Found,Light Brown,All cotton crewneck with patchwork pattern and embroidered logo on single chest pocket.,$78,In Stock,https://assets.supremenewyork.com/186145/ma/McWpQ_K-R-k.jpg
Name Not Found,Heather Grey,Cotton fleece with cutout logo appliqué at chest.,$158,sold out,https://assets.supremenewyork.com/185598/ma/K7ZFWT6Faog.jpg
Name Not Found,Lime,Cotton fleece with cutout logo appliqué at chest.,$158,sold out,https://assets.supremenewyork.com/185604/ma/-fvGjSrem3U.jpg
Name Not Found,Red,Cotton fleece with cutout logo appliqué at chest.,$158,sold out,https://assets.supremenewyork.com/185587/ma/FaBH3ldxjks.jpg
Name Not Found,Violet,Cotton fleece with cutout logo appliqué at chest.,$158,sold out,https://assets.supremenewyork.com/188962/ma/hZiiM3_KhGM.jpg
Name Not Found,Natural,Cotton fleece with cutout logo appliqué at chest.,$158,sold out,https://assets.supremenewyork.com/185593/ma/9JdcR9iOLYg.jpg
Name Not Found,Black,Cotton fleece with cutout logo appliqué at chest.,$158,sold out,https://assets.supremenewyork.com/185608/ma/q634UCwbABU.jpg
Name Not Found,Light Pine,Cotton fleece with pouch pocket. Metallic jacquard logo rib panels at shoulders and hood.,$158,In Stock,https://assets.supremenewyork.com/185330/ma/DNn50xVO7X4.jpg
Name Not Found,Black,Cotton fleece with pouch pocket. Metallic jacquard logo rib panels at shoulders and hood.,$158,sold out,https://assets.supremenewyork.com/185318/ma/EDYCv1mlARM.jpg
Name Not Found,Fuchsia,Cotton fleece with pouch pocket. Metallic jacquard logo rib panels at shoulders and hood.,$158,In Stock,https://assets.supremenewyork.com/185310/ma/Ham0ehLI7Zs.jpg
Name Not Found,Natural,Cotton fleece with pouch pocket. Metallic jacquard logo rib panels at shoulders and hood.,$158,sold out,https://assets.supremenewyork.com/185299/ma/pVktAnPCoEE.jpg
Name Not Found,Dark Royal,Cotton fleece with pouch pocket. Metallic jacquard logo rib panels at shoulders and hood.,$158,In Stock,https://assets.supremenewyork.com/185341/ma/_6gyJNkmD2I.jpg
Name Not Found,Olive,"All cotton twill with printed pattern and enzyme wash. Relaxed fit with on seam hand pockets, welt back pockets and button fly closure. Embroidered logo on back pocket.",$148,sold out,https://assets.supremenewyork.com/188923/ma/lLYfyjtB79Y.jpg
Name Not Found,Dark Lilac,"All cotton twill with printed pattern and enzyme wash. Relaxed fit with on seam hand pockets, welt back pockets and button fly closure. Embroidered logo on back pocket.",$148,sold out,https://assets.supremenewyork.com/188927/ma/Go_N905BMjs.jpg
Name Not Found,Navy,"All cotton twill with printed pattern and enzyme wash. Relaxed fit with on seam hand pockets, welt back pockets and button fly closure. Embroidered logo on back pocket.",$148,sold out,https://assets.supremenewyork.com/188925/ma/mOmMZYVNUkY.jpg
Name Not Found,Black,"All cotton twill with printed pattern and enzyme wash. Relaxed fit with on seam hand pockets, welt back pockets and button fly closure. Embroidered logo on back pocket.",$148,sold out,https://assets.supremenewyork.com/188921/ma/V-FMjWsgdaQ.jpg
Name Not Found,Khaki,"All cotton twill with printed pattern and enzyme wash. Relaxed fit with on seam hand pockets, welt back pockets and button fly closure. Embroidered logo on back pocket.",$148,In Stock,https://assets.supremenewyork.com/188919/ma/932jcth_Ev0.jpg
Name Not Found,Dark Royal,Cotton fleece with on seam hand pockets and single back patch pocket. Elastic cuffs and waistband with interior drawcord. Metallic jacquard logo rib panels at sides.,$148,In Stock,https://assets.supremenewyork.com/184989/ma/CDd2Z8sFx2M.jpg
Name Not Found,Light Pine,Cotton fleece with on seam hand pockets and single back patch pocket. Elastic cuffs and waistband with interior drawcord. Metallic jacquard logo rib panels at sides.,$148,In Stock,https://assets.supremenewyork.com/188958/ma/2Rf9lcRpRFk.jpg
Name Not Found,Fuchsia,Cotton fleece with on seam hand pockets and single back patch pocket. Elastic cuffs and waistband with interior drawcord. Metallic jacquard logo rib panels at sides.,$148,In Stock,https://assets.supremenewyork.com/188956/ma/UkFFzFZaVIA.jpg
Name Not Found,Black,Cotton fleece with on seam hand pockets and single back patch pocket. Elastic cuffs and waistband with interior drawcord. Metallic jacquard logo rib panels at sides.,$148,sold out,https://assets.supremenewyork.com/188953/ma/0i86cPjQL88.jpg
Name Not Found,Natural,Cotton fleece with on seam hand pockets and single back patch pocket. Elastic cuffs and waistband with interior drawcord. Metallic jacquard logo rib panels at sides.,$148,sold out,https://assets.supremenewyork.com/188960/ma/80l5_yGr6sU.jpg
Name Not Found,Royal,Poly with mesh lining and stripe appliqué pattern. On seam hand pockets and single back zip pocket. Knit rib waistband with interior drawcord. Tackle twill appliqué logo and graphic at lower legs.,$118,In Stock,https://assets.supremenewyork.com/185482/ma/ufxcRt7jXOg.jpg
Name Not Found,Black,Poly with mesh lining and stripe appliqué pattern. On seam hand pockets and single back zip pocket. Knit rib waistband with interior drawcord. Tackle twill appliqué logo and graphic at lower legs.,$118,In Stock,https://assets.supremenewyork.com/185465/ma/yYymFoMNPkg.jpg
Name Not Found,Red,Poly with mesh lining and stripe appliqué pattern. On seam hand pockets and single back zip pocket. Knit rib waistband with interior drawcord. Tackle twill appliqué logo and graphic at lower legs.,$118,In Stock,https://assets.supremenewyork.com/185455/ma/300nFOeVr38.jpg
Name Not Found,White,Poly with mesh lining and stripe appliqué pattern. On seam hand pockets and single back zip pocket. Knit rib waistband with interior drawcord. Tackle twill appliqué logo and graphic at lower legs.,$118,In Stock,https://assets.supremenewyork.com/185471/ma/1GxmHjkyY_k.jpg
Name Not Found,Green,All cotton Supreme camp cap with printed graphic.,$48,sold out,https://assets.supremenewyork.com/186123/ma/vaPzOW_P6SY.jpg
Name Not Found,Red,All cotton Supreme camp cap with printed graphic.,$48,sold out,https://assets.supremenewyork.com/186114/ma/9BmjL2GnkJ4.jpg
Name Not Found,Brown,Suede 6-Panel hat with self strap closure. Embroidered logos on front and back.,$66,sold out,https://assets.supremenewyork.com/186031/ma/F7M9C3qntLU.jpg
Name Not Found,Bright Fuchsia,Suede 6-Panel hat with self strap closure. Embroidered logos on front and back.,$66,sold out,https://assets.supremenewyork.com/186053/ma/AJQ2tq48hRg.jpg
Name Not Found,Navy,Suede 6-Panel hat with self strap closure. Embroidered logos on front and back.,$66,sold out,https://assets.supremenewyork.com/186044/ma/tyxSGQo9lvI.jpg
Name Not Found,Black,Suede 6-Panel hat with self strap closure. Embroidered logos on front and back.,$66,sold out,https://assets.supremenewyork.com/186049/ma/MfuwW1mX1Ik.jpg
Name Not Found,Bright Green,Suede 6-Panel hat with self strap closure. Embroidered logos on front and back.,$66,sold out,https://assets.supremenewyork.com/186035/ma/LKuwaiayMcE.jpg
Name Not Found,Blue,All cotton denim crusher with hole punch pattern and cotton lining.,$54,sold out,https://assets.supremenewyork.com/186897/ma/zW493rdwSkw.jpg
Name Not Found,Black,All cotton denim crusher with hole punch pattern and cotton lining.,$54,sold out,https://assets.supremenewyork.com/186913/ma/Z2JBE2BqDuo.jpg
Name Not Found,Brown,All cotton denim crusher with hole punch pattern and cotton lining.,$54,sold out,https://assets.supremenewyork.com/186902/ma/R8ZkuGdmyJQ.jpg
Name Not Found,Red,"Glass ashtray with debossed logo. 3.3"" x 3.9"".",$30,sold out,https://assets.supremenewyork.com/186972/ma/LUij9QgfC7E.jpg
Name Not Found,Clear,"Glass ashtray with debossed logo. 3.3"" x 3.9"".",$30,sold out,https://assets.supremenewyork.com/186959/ma/CDcuJWLXrWA.jpg
Name Not Found,"Lime - 7.75"" x 31.25""",Full dipped Supreme shaped skate deck with printed logo on bottom. Printed World Famous and box logo on top.,$50,sold out,https://assets.supremenewyork.com/186493/ma/NyrgefMkNLw.jpg
Name Not Found,"Black - 7.75"" x 31.25""",Full dipped Supreme shaped skate deck with printed logo on bottom. Printed World Famous and box logo on top.,$50,sold out,https://assets.supremenewyork.com/186508/ma/zWLEX8n9tYA.jpg
Name Not Found,"Blue - 7.75"" x 31.25""",Full dipped Supreme shaped skate deck with printed logo on bottom. Printed World Famous and box logo on top.,$50,sold out,https://assets.supremenewyork.com/186500/ma/7ITJd1OpXyU.jpg
