Military Trench Coat,Peach Paisley,"Water resistant cotton with printed pattern and cotton lining. Double breasted button front closure with button flap hand pockets at lower front and interior chest pocket. Button tab adjusters at cuffs, belt loop at waist and vent at back seam with button closure. Enamel logo pin included.",£288,In Stock,https://assets.supremenewyork.com/184875/ma/Jp0cVgyA0Do.jpg
Military Trench Coat,Olive Paisley,"Water resistant cotton with printed pattern and cotton lining. Double breasted button front closure with button flap hand pockets at lower front and interior chest pocket. Button tab adjusters at cuffs, belt loop at waist and vent at back seam with button closure. Enamel logo pin included.",£288,In Stock,https://assets.supremenewyork.com/184887/ma/QEFMJzSeUlc.jpg
Military Trench Coat,Black,"Water resistant cotton with cotton lining. Double breasted button front closure with button flap hand pockets at lower front and interior chest pocket. Button tab adjusters at cuffs, belt loop at waist and vent at back seam with button closure. Enamel logo pin included.",£288,In Stock,https://assets.supremenewyork.com/184880/ma/QIXvdHip12g.jpg
Hole Punch Denim Trucker Jacket,Blue,All cotton 14 oz. denim with hole punch pattern and cotton blend lining. Button front closure with hand pockets at lower front and chest pockets with button closures. Frayed cut-out logo at back.,£198,sold out,https://assets.supremenewyork.com/184871/ma/fgKcI51gPrg.jpg
Hole Punch Denim Trucker Jacket,Brown,All cotton 14 oz. denim with hole punch pattern and cotton blend lining. Button front closure with hand pockets at lower front and chest pockets with button closures. Frayed cut-out logo at back.,£198,sold out,https://assets.supremenewyork.com/184868/ma/kUQun1Zd6OM.jpg
Hole Punch Denim Trucker Jacket,Black,All cotton 14 oz. denim with hole punch pattern and cotton blend lining. Button front closure with hand pockets at lower front and chest pockets with button closures. Frayed cut-out logo at back.,£198,sold out,https://assets.supremenewyork.com/184865/ma/4HAnct_lQdI.jpg
Painted Logo Shirt,Royal,"All cotton poplin with printed logo pattern, button down collar and single chest pocket.",£118,In Stock,https://assets.supremenewyork.com/185127/ma/aKA6NDkE6Lo.jpg
Painted Logo Shirt,Natural,"All cotton poplin with printed logo pattern, button down collar and single chest pocket.",£118,sold out,https://assets.supremenewyork.com/185132/ma/ba8ToKcmLb8.jpg
Painted Logo Shirt,Black,"All cotton poplin with printed logo pattern, button down collar and single chest pocket.",£118,In Stock,https://assets.supremenewyork.com/185136/ma/TavwB0naTfI.jpg
Chest Stripe Sweater,Coral,All cotton with knit logo chest panel.,£118,In Stock,https://assets.supremenewyork.com/185070/ma/M-bEZOP6UYE.jpg
Chest Stripe Sweater,Ivory,All cotton with knit logo chest panel.,£118,sold out,https://assets.supremenewyork.com/185051/ma/m9ZdNMcXA2A.jpg
Chest Stripe Sweater,Light Blue,All cotton with knit logo chest panel.,£118,sold out,https://assets.supremenewyork.com/185062/ma/qbnjwAvMTK0.jpg
Chest Stripe Sweater,Black,All cotton with knit logo chest panel.,£118,In Stock,https://assets.supremenewyork.com/185057/ma/XjLQTjxachE.jpg
St. Supreme Basketball Jersey,Red,Poly with stripe appliqué pattern. Stripe rib collar and armholes. Tackle twill appliqué logo at front and graphic at back.,£98,In Stock,https://assets.supremenewyork.com/185880/ma/a4FG6GJfACo.jpg
St. Supreme Basketball Jersey,Black,Poly with stripe appliqué pattern. Stripe rib collar and armholes. Tackle twill appliqué logo at front and graphic at back.,£98,In Stock,https://assets.supremenewyork.com/185894/ma/u4NeERG-YSg.jpg
St. Supreme Basketball Jersey,Royal,Poly with stripe appliqué pattern. Stripe rib collar and armholes. Tackle twill appliqué logo at front and graphic at back.,£98,In Stock,https://assets.supremenewyork.com/185850/ma/L43lxUWcbAE.jpg
St. Supreme Basketball Jersey,White,Poly with stripe appliqué pattern. Stripe rib collar and armholes. Tackle twill appliqué logo at front and graphic at back.,£98,In Stock,https://assets.supremenewyork.com/185863/ma/8ZP8mkEr_4o.jpg
Invert S/S Top,Navy,All cotton jersey crewneck with printed logo on chest.,£48,sold out,https://assets.supremenewyork.com/186279/ma/F3cREkoy_50.jpg
Invert S/S Top,Olive,All cotton jersey crewneck with printed logo on chest.,£48,In Stock,https://assets.supremenewyork.com/186275/ma/HteUgE_Frqs.jpg
Invert S/S Top,Light Yellow,All cotton jersey crewneck with printed logo on chest.,£48,In Stock,https://assets.supremenewyork.com/186288/ma/-GY-LVhc56A.jpg
Invert S/S Top,Fuschia,All cotton jersey crewneck with printed logo on chest.,£48,In Stock,https://assets.supremenewyork.com/186283/ma/o_yAI0Hqll4.jpg
Invert S/S Top,White,All cotton jersey crewneck with printed logo on chest.,£48,In Stock,https://assets.supremenewyork.com/186270/ma/HlBH7wQ2WP4.jpg
Invert S/S Top,Black,All cotton jersey crewneck with printed logo on chest.,£48,sold out,https://assets.supremenewyork.com/186292/ma/jUmf6GST27Y.jpg
Patchwork Pocket Tee,White,All cotton crewneck with patchwork pattern and embroidered logo on single chest pocket.,£68,In Stock,https://assets.supremenewyork.com/186132/ma/uGo-jj1vX_s.jpg
Patchwork Pocket Tee,Light Purple,All cotton crewneck with patchwork pattern and embroidered logo on single chest pocket.,£68,In Stock,https://assets.supremenewyork.com/186136/ma/vDEINldtJ38.jpg
Patchwork Pocket Tee,Black,All cotton crewneck with patchwork pattern and embroidered logo on single chest pocket.,£68,In Stock,https://assets.supremenewyork.com/186141/ma/0U3d35QCEaY.jpg
Patchwork Pocket Tee,Light Brown,All cotton crewneck with patchwork pattern and embroidered logo on single chest pocket.,£68,In Stock,https://assets.supremenewyork.com/186145/ma/McWpQ_K-R-k.jpg
Cutout Logo Crewneck,Heather Grey,Cotton fleece with cutout logo appliqué at chest.,£148,sold out,https://assets.supremenewyork.com/185598/ma/cdqVch7uSpQ.jpg
Cutout Logo Crewneck,Lime,Cotton fleece with cutout logo appliqué at chest.,£148,sold out,https://assets.supremenewyork.com/185604/ma/evg3GViteCY.jpg
Cutout Logo Crewneck,Red,Cotton fleece with cutout logo appliqué at chest.,£148,sold out,https://assets.supremenewyork.com/185587/ma/FaBH3ldxjks.jpg
Cutout Logo Crewneck,Violet,Cotton fleece with cutout logo appliqué at chest.,£148,sold out,https://assets.supremenewyork.com/188962/ma/8jSAPoPqlnE.jpg
Cutout Logo Crewneck,Natural,Cotton fleece with cutout logo appliqué at chest.,£148,sold out,https://assets.supremenewyork.com/185593/ma/bYKwm6iq1f8.jpg
Cutout Logo Crewneck,Black,Cotton fleece with cutout logo appliqué at chest.,£148,sold out,https://assets.supremenewyork.com/185608/ma/UNZ3vy9OE20.jpg
Metallic Rib Hooded Sweatshirt,Light Pine,Cotton fleece with pouch pocket. Metallic jacquard logo rib panels at shoulders and hood.,£148,In Stock,https://assets.supremenewyork.com/185330/ma/DNn50xVO7X4.jpg
Metallic Rib Hooded Sweatshirt,Black,Cotton fleece with pouch pocket. Metallic jacquard logo rib panels at shoulders and hood.,£148,sold out,https://assets.supremenewyork.com/185318/ma/EDYCv1mlARM.jpg
Metallic Rib Hooded Sweatshirt,Fuchsia,Cotton fleece with pouch pocket. Metallic jacquard logo rib panels at shoulders and hood.,£148,In Stock,https://assets.supremenewyork.com/185310/ma/Ham0ehLI7Zs.jpg
Metallic Rib Hooded Sweatshirt,Natural,Cotton fleece with pouch pocket. Metallic jacquard logo rib panels at shoulders and hood.,£148,sold out,https://assets.supremenewyork.com/185299/ma/pVktAnPCoEE.jpg
Metallic Rib Hooded Sweatshirt,Dark Royal,Cotton fleece with pouch pocket. Metallic jacquard logo rib panels at shoulders and hood.,£148,In Stock,https://assets.supremenewyork.com/185341/ma/_6gyJNkmD2I.jpg
Paisley Grid Chino Pant,Olive,"All cotton twill with printed pattern and enzyme wash. Relaxed fit with on seam hand pockets, welt back pockets and button fly closure. Embroidered logo on back pocket.",£128,sold out,https://assets.supremenewyork.com/188923/ma/lLYfyjtB79Y.jpg
Paisley Grid Chino Pant,Dark Lilac,"All cotton twill with printed pattern and enzyme wash. Relaxed fit with on seam hand pockets, welt back pockets and button fly closure. Embroidered logo on back pocket.",£128,In Stock,https://assets.supremenewyork.com/188927/ma/Go_N905BMjs.jpg
Paisley Grid Chino Pant,Navy,"All cotton twill with printed pattern and enzyme wash. Relaxed fit with on seam hand pockets, welt back pockets and button fly closure. Embroidered logo on back pocket.",£128,sold out,https://assets.supremenewyork.com/188925/ma/mOmMZYVNUkY.jpg
Paisley Grid Chino Pant,Black,"All cotton twill with printed pattern and enzyme wash. Relaxed fit with on seam hand pockets, welt back pockets and button fly closure. Embroidered logo on back pocket.",£128,sold out,https://assets.supremenewyork.com/188921/ma/V-FMjWsgdaQ.jpg
Paisley Grid Chino Pant,Khaki,"All cotton twill with printed pattern and enzyme wash. Relaxed fit with on seam hand pockets, welt back pockets and button fly closure. Embroidered logo on back pocket.",£128,In Stock,https://assets.supremenewyork.com/188919/ma/932jcth_Ev0.jpg
Metallic Rib Sweatpant,Dark Royal,Cotton fleece with on seam hand pockets and single back patch pocket. Elastic cuffs and waistband with interior drawcord. Metallic jacquard logo rib panels at sides.,£128,In Stock,https://assets.supremenewyork.com/184989/ma/CDd2Z8sFx2M.jpg
Metallic Rib Sweatpant,Light Pine,Cotton fleece with on seam hand pockets and single back patch pocket. Elastic cuffs and waistband with interior drawcord. Metallic jacquard logo rib panels at sides.,£128,In Stock,https://assets.supremenewyork.com/188958/ma/2Rf9lcRpRFk.jpg
Metallic Rib Sweatpant,Fuchsia,Cotton fleece with on seam hand pockets and single back patch pocket. Elastic cuffs and waistband with interior drawcord. Metallic jacquard logo rib panels at sides.,£128,In Stock,https://assets.supremenewyork.com/188956/ma/UkFFzFZaVIA.jpg
Metallic Rib Sweatpant,Black,Cotton fleece with on seam hand pockets and single back patch pocket. Elastic cuffs and waistband with interior drawcord. Metallic jacquard logo rib panels at sides.,£128,sold out,https://assets.supremenewyork.com/188953/ma/0i86cPjQL88.jpg
Metallic Rib Sweatpant,Natural,Cotton fleece with on seam hand pockets and single back patch pocket. Elastic cuffs and waistband with interior drawcord. Metallic jacquard logo rib panels at sides.,£128,In Stock,https://assets.supremenewyork.com/188960/ma/80l5_yGr6sU.jpg
St. Supreme Basketball Short,Royal,Poly with mesh lining and stripe appliqué pattern. On seam hand pockets and single back zip pocket. Knit rib waistband with interior drawcord. Tackle twill appliqué logo and graphic at lower legs.,£98,In Stock,https://assets.supremenewyork.com/185482/ma/IogvHul65Uo.jpg
St. Supreme Basketball Short,Black,Poly with mesh lining and stripe appliqué pattern. On seam hand pockets and single back zip pocket. Knit rib waistband with interior drawcord. Tackle twill appliqué logo and graphic at lower legs.,£98,In Stock,https://assets.supremenewyork.com/185465/ma/K89-8aAy22s.jpg
St. Supreme Basketball Short,Red,Poly with mesh lining and stripe appliqué pattern. On seam hand pockets and single back zip pocket. Knit rib waistband with interior drawcord. Tackle twill appliqué logo and graphic at lower legs.,£98,In Stock,https://assets.supremenewyork.com/185455/ma/CYhRlzSpi_k.jpg
St. Supreme Basketball Short,White,Poly with mesh lining and stripe appliqué pattern. On seam hand pockets and single back zip pocket. Knit rib waistband with interior drawcord. Tackle twill appliqué logo and graphic at lower legs.,£98,In Stock,https://assets.supremenewyork.com/185471/ma/294gYwb9Ue4.jpg
Bling Camp Cap,Green,All cotton Supreme camp cap with printed graphic.,£44,In Stock,https://assets.supremenewyork.com/186123/ma/vaPzOW_P6SY.jpg
Bling Camp Cap,Red,All cotton Supreme camp cap with printed graphic.,£44,In Stock,https://assets.supremenewyork.com/186114/ma/9BmjL2GnkJ4.jpg
Suede 6-Panel,Brown,Suede 6-Panel hat with self strap closure. Embroidered logos on front and back.,£56,sold out,https://assets.supremenewyork.com/186031/ma/DM2I5BOC6gI.jpg
Suede 6-Panel,Bright Fuchsia,Suede 6-Panel hat with self strap closure. Embroidered logos on front and back.,£56,In Stock,https://assets.supremenewyork.com/186053/ma/TTnr1Njej5s.jpg
Suede 6-Panel,Navy,Suede 6-Panel hat with self strap closure. Embroidered logos on front and back.,£56,sold out,https://assets.supremenewyork.com/186044/ma/WrKj5_NtNA8.jpg
Suede 6-Panel,Black,Suede 6-Panel hat with self strap closure. Embroidered logos on front and back.,£56,sold out,https://assets.supremenewyork.com/186049/ma/rD_tr7WSCL0.jpg
Suede 6-Panel,Bright Green,Suede 6-Panel hat with self strap closure. Embroidered logos on front and back.,£56,sold out,https://assets.supremenewyork.com/186035/ma/mqNUMqdAIMU.jpg
Hole Punch Denim Crusher,Blue,All cotton denim crusher with hole punch pattern and cotton lining.,£50,sold out,https://assets.supremenewyork.com/186897/ma/zW493rdwSkw.jpg
Hole Punch Denim Crusher,Black,All cotton denim crusher with hole punch pattern and cotton lining.,£50,sold out,https://assets.supremenewyork.com/186913/ma/Z2JBE2BqDuo.jpg
Hole Punch Denim Crusher,Brown,All cotton denim crusher with hole punch pattern and cotton lining.,£50,sold out,https://assets.supremenewyork.com/186902/ma/jvZpgzPa4WY.jpg
Debossed Glass Ashtray,Red,"Glass ashtray with debossed logo. 3.3"" x 3.9"".",£26,sold out,https://assets.supremenewyork.com/186972/ma/LUij9QgfC7E.jpg
Debossed Glass Ashtray,Clear,"Glass ashtray with debossed logo. 3.3"" x 3.9"".",£26,sold out,https://assets.supremenewyork.com/186959/ma/CDcuJWLXrWA.jpg
Motion Logo Cruiser Skateboard,"Lime - 7.75"" x 31.25""",Full dipped Supreme shaped skate deck with printed logo on bottom. Printed World Famous and box logo on top.,£48,sold out,https://assets.supremenewyork.com/186493/ma/eer0ofYzo34.jpg
Motion Logo Cruiser Skateboard,"Black - 7.75"" x 31.25""",Full dipped Supreme shaped skate deck with printed logo on bottom. Printed World Famous and box logo on top.,£48,sold out,https://assets.supremenewyork.com/186508/ma/zWLEX8n9tYA.jpg
Motion Logo Cruiser Skateboard,"Blue - 7.75"" x 31.25""",Full dipped Supreme shaped skate deck with printed logo on bottom. Printed World Famous and box logo on top.,£48,sold out,https://assets.supremenewyork.com/186500/ma/7ITJd1OpXyU.jpg
